--
-- PostgreSQL database dump
--

-- Dumped from database version 17.4
-- Dumped by pg_dump version 17.4

SET statement_timeout = 0;
SET lock_timeout = 0;
SET idle_in_transaction_session_timeout = 0;
SET transaction_timeout = 0;
SET client_encoding = 'UTF8';
SET standard_conforming_strings = on;
SELECT pg_catalog.set_config('search_path', '', false);
SET check_function_bodies = false;
SET xmloption = content;
SET client_min_messages = warning;
SET row_security = off;

SET default_tablespace = '';

SET default_table_access_method = heap;

--
-- Name: auth_group; Type: TABLE; Schema: public; Owner: postgres
--

CREATE TABLE public.auth_group (
    id integer NOT NULL,
    name character varying(150) NOT NULL
);


ALTER TABLE public.auth_group OWNER TO postgres;

--
-- Name: auth_group_id_seq; Type: SEQUENCE; Schema: public; Owner: postgres
--

ALTER TABLE public.auth_group ALTER COLUMN id ADD GENERATED BY DEFAULT AS IDENTITY (
    SEQUENCE NAME public.auth_group_id_seq
    START WITH 1
    INCREMENT BY 1
    NO MINVALUE
    NO MAXVALUE
    CACHE 1
);


--
-- Name: auth_group_permissions; Type: TABLE; Schema: public; Owner: postgres
--

CREATE TABLE public.auth_group_permissions (
    id bigint NOT NULL,
    group_id integer NOT NULL,
    permission_id integer NOT NULL
);


ALTER TABLE public.auth_group_permissions OWNER TO postgres;

--
-- Name: auth_group_permissions_id_seq; Type: SEQUENCE; Schema: public; Owner: postgres
--

ALTER TABLE public.auth_group_permissions ALTER COLUMN id ADD GENERATED BY DEFAULT AS IDENTITY (
    SEQUENCE NAME public.auth_group_permissions_id_seq
    START WITH 1
    INCREMENT BY 1
    NO MINVALUE
    NO MAXVALUE
    CACHE 1
);


--
-- Name: auth_permission; Type: TABLE; Schema: public; Owner: postgres
--

CREATE TABLE public.auth_permission (
    id integer NOT NULL,
    name character varying(255) NOT NULL,
    content_type_id integer NOT NULL,
    codename character varying(100) NOT NULL
);


ALTER TABLE public.auth_permission OWNER TO postgres;

--
-- Name: auth_permission_id_seq; Type: SEQUENCE; Schema: public; Owner: postgres
--

ALTER TABLE public.auth_permission ALTER COLUMN id ADD GENERATED BY DEFAULT AS IDENTITY (
    SEQUENCE NAME public.auth_permission_id_seq
    START WITH 1
    INCREMENT BY 1
    NO MINVALUE
    NO MAXVALUE
    CACHE 1
);


--
-- Name: auth_user; Type: TABLE; Schema: public; Owner: postgres
--

CREATE TABLE public.auth_user (
    id integer NOT NULL,
    password character varying(128) NOT NULL,
    last_login timestamp with time zone,
    is_superuser boolean NOT NULL,
    username character varying(150) NOT NULL,
    first_name character varying(150) NOT NULL,
    last_name character varying(150) NOT NULL,
    email character varying(254) NOT NULL,
    is_staff boolean NOT NULL,
    is_active boolean NOT NULL,
    date_joined timestamp with time zone NOT NULL
);


ALTER TABLE public.auth_user OWNER TO postgres;

--
-- Name: auth_user_groups; Type: TABLE; Schema: public; Owner: postgres
--

CREATE TABLE public.auth_user_groups (
    id bigint NOT NULL,
    user_id integer NOT NULL,
    group_id integer NOT NULL
);


ALTER TABLE public.auth_user_groups OWNER TO postgres;

--
-- Name: auth_user_groups_id_seq; Type: SEQUENCE; Schema: public; Owner: postgres
--

ALTER TABLE public.auth_user_groups ALTER COLUMN id ADD GENERATED BY DEFAULT AS IDENTITY (
    SEQUENCE NAME public.auth_user_groups_id_seq
    START WITH 1
    INCREMENT BY 1
    NO MINVALUE
    NO MAXVALUE
    CACHE 1
);


--
-- Name: auth_user_id_seq; Type: SEQUENCE; Schema: public; Owner: postgres
--

ALTER TABLE public.auth_user ALTER COLUMN id ADD GENERATED BY DEFAULT AS IDENTITY (
    SEQUENCE NAME public.auth_user_id_seq
    START WITH 1
    INCREMENT BY 1
    NO MINVALUE
    NO MAXVALUE
    CACHE 1
);


--
-- Name: auth_user_user_permissions; Type: TABLE; Schema: public; Owner: postgres
--

CREATE TABLE public.auth_user_user_permissions (
    id bigint NOT NULL,
    user_id integer NOT NULL,
    permission_id integer NOT NULL
);


ALTER TABLE public.auth_user_user_permissions OWNER TO postgres;

--
-- Name: auth_user_user_permissions_id_seq; Type: SEQUENCE; Schema: public; Owner: postgres
--

ALTER TABLE public.auth_user_user_permissions ALTER COLUMN id ADD GENERATED BY DEFAULT AS IDENTITY (
    SEQUENCE NAME public.auth_user_user_permissions_id_seq
    START WITH 1
    INCREMENT BY 1
    NO MINVALUE
    NO MAXVALUE
    CACHE 1
);


--
-- Name: authtoken_token; Type: TABLE; Schema: public; Owner: postgres
--

CREATE TABLE public.authtoken_token (
    key character varying(40) NOT NULL,
    created timestamp with time zone NOT NULL,
    user_id integer NOT NULL
);


ALTER TABLE public.authtoken_token OWNER TO postgres;

--
-- Name: blog_post_app_post; Type: TABLE; Schema: public; Owner: postgres
--

CREATE TABLE public.blog_post_app_post (
    id bigint NOT NULL,
    title text NOT NULL,
    description text NOT NULL,
    image character varying(100),
    created_date timestamp with time zone NOT NULL,
    updated_date timestamp with time zone NOT NULL,
    profile_related_id bigint NOT NULL
);


ALTER TABLE public.blog_post_app_post OWNER TO postgres;

--
-- Name: blog_post_app_blog_id_seq; Type: SEQUENCE; Schema: public; Owner: postgres
--

ALTER TABLE public.blog_post_app_post ALTER COLUMN id ADD GENERATED BY DEFAULT AS IDENTITY (
    SEQUENCE NAME public.blog_post_app_blog_id_seq
    START WITH 1
    INCREMENT BY 1
    NO MINVALUE
    NO MAXVALUE
    CACHE 1
);


--
-- Name: blog_post_app_post_liked_profiles; Type: TABLE; Schema: public; Owner: postgres
--

CREATE TABLE public.blog_post_app_post_liked_profiles (
    id bigint NOT NULL,
    post_id bigint NOT NULL,
    profile_id bigint NOT NULL
);


ALTER TABLE public.blog_post_app_post_liked_profiles OWNER TO postgres;

--
-- Name: blog_post_app_blog_liked_profiles_id_seq; Type: SEQUENCE; Schema: public; Owner: postgres
--

ALTER TABLE public.blog_post_app_post_liked_profiles ALTER COLUMN id ADD GENERATED BY DEFAULT AS IDENTITY (
    SEQUENCE NAME public.blog_post_app_blog_liked_profiles_id_seq
    START WITH 1
    INCREMENT BY 1
    NO MINVALUE
    NO MAXVALUE
    CACHE 1
);


--
-- Name: blog_profile_app_profile; Type: TABLE; Schema: public; Owner: postgres
--

CREATE TABLE public.blog_profile_app_profile (
    id bigint NOT NULL,
    firstname character varying(200),
    lastname character varying(200),
    email character varying(254) NOT NULL,
    phone numeric(11,0),
    address text,
    user_id integer NOT NULL
);


ALTER TABLE public.blog_profile_app_profile OWNER TO postgres;

--
-- Name: blog_profile_app_profile_id_seq; Type: SEQUENCE; Schema: public; Owner: postgres
--

ALTER TABLE public.blog_profile_app_profile ALTER COLUMN id ADD GENERATED BY DEFAULT AS IDENTITY (
    SEQUENCE NAME public.blog_profile_app_profile_id_seq
    START WITH 1
    INCREMENT BY 1
    NO MINVALUE
    NO MAXVALUE
    CACHE 1
);


--
-- Name: django_admin_log; Type: TABLE; Schema: public; Owner: postgres
--

CREATE TABLE public.django_admin_log (
    id integer NOT NULL,
    action_time timestamp with time zone NOT NULL,
    object_id text,
    object_repr character varying(200) NOT NULL,
    action_flag smallint NOT NULL,
    change_message text NOT NULL,
    content_type_id integer,
    user_id integer NOT NULL,
    CONSTRAINT django_admin_log_action_flag_check CHECK ((action_flag >= 0))
);


ALTER TABLE public.django_admin_log OWNER TO postgres;

--
-- Name: django_admin_log_id_seq; Type: SEQUENCE; Schema: public; Owner: postgres
--

ALTER TABLE public.django_admin_log ALTER COLUMN id ADD GENERATED BY DEFAULT AS IDENTITY (
    SEQUENCE NAME public.django_admin_log_id_seq
    START WITH 1
    INCREMENT BY 1
    NO MINVALUE
    NO MAXVALUE
    CACHE 1
);


--
-- Name: django_content_type; Type: TABLE; Schema: public; Owner: postgres
--

CREATE TABLE public.django_content_type (
    id integer NOT NULL,
    app_label character varying(100) NOT NULL,
    model character varying(100) NOT NULL
);


ALTER TABLE public.django_content_type OWNER TO postgres;

--
-- Name: django_content_type_id_seq; Type: SEQUENCE; Schema: public; Owner: postgres
--

ALTER TABLE public.django_content_type ALTER COLUMN id ADD GENERATED BY DEFAULT AS IDENTITY (
    SEQUENCE NAME public.django_content_type_id_seq
    START WITH 1
    INCREMENT BY 1
    NO MINVALUE
    NO MAXVALUE
    CACHE 1
);


--
-- Name: django_migrations; Type: TABLE; Schema: public; Owner: postgres
--

CREATE TABLE public.django_migrations (
    id bigint NOT NULL,
    app character varying(255) NOT NULL,
    name character varying(255) NOT NULL,
    applied timestamp with time zone NOT NULL
);


ALTER TABLE public.django_migrations OWNER TO postgres;

--
-- Name: django_migrations_id_seq; Type: SEQUENCE; Schema: public; Owner: postgres
--

ALTER TABLE public.django_migrations ALTER COLUMN id ADD GENERATED BY DEFAULT AS IDENTITY (
    SEQUENCE NAME public.django_migrations_id_seq
    START WITH 1
    INCREMENT BY 1
    NO MINVALUE
    NO MAXVALUE
    CACHE 1
);


--
-- Name: django_session; Type: TABLE; Schema: public; Owner: postgres
--

CREATE TABLE public.django_session (
    session_key character varying(40) NOT NULL,
    session_data text NOT NULL,
    expire_date timestamp with time zone NOT NULL
);


ALTER TABLE public.django_session OWNER TO postgres;

--
-- Name: taggit_tag; Type: TABLE; Schema: public; Owner: postgres
--

CREATE TABLE public.taggit_tag (
    id integer NOT NULL,
    name character varying(100) NOT NULL,
    slug character varying(100) NOT NULL
);


ALTER TABLE public.taggit_tag OWNER TO postgres;

--
-- Name: taggit_tag_id_seq; Type: SEQUENCE; Schema: public; Owner: postgres
--

ALTER TABLE public.taggit_tag ALTER COLUMN id ADD GENERATED BY DEFAULT AS IDENTITY (
    SEQUENCE NAME public.taggit_tag_id_seq
    START WITH 1
    INCREMENT BY 1
    NO MINVALUE
    NO MAXVALUE
    CACHE 1
);


--
-- Name: taggit_taggeditem; Type: TABLE; Schema: public; Owner: postgres
--

CREATE TABLE public.taggit_taggeditem (
    id integer NOT NULL,
    object_id integer NOT NULL,
    content_type_id integer NOT NULL,
    tag_id integer NOT NULL
);


ALTER TABLE public.taggit_taggeditem OWNER TO postgres;

--
-- Name: taggit_taggeditem_id_seq; Type: SEQUENCE; Schema: public; Owner: postgres
--

ALTER TABLE public.taggit_taggeditem ALTER COLUMN id ADD GENERATED BY DEFAULT AS IDENTITY (
    SEQUENCE NAME public.taggit_taggeditem_id_seq
    START WITH 1
    INCREMENT BY 1
    NO MINVALUE
    NO MAXVALUE
    CACHE 1
);


--
-- Name: viewflow_process; Type: TABLE; Schema: public; Owner: postgres
--

CREATE TABLE public.viewflow_process (
    id bigint NOT NULL,
    flow_class character varying(250) NOT NULL,
    status character varying(50) NOT NULL,
    created timestamp with time zone NOT NULL,
    finished timestamp with time zone,
    artifact_content_type_id integer,
    artifact_object_id integer,
    data jsonb NOT NULL,
    parent_task_id bigint,
    CONSTRAINT viewflow_process_artifact_object_id_check CHECK ((artifact_object_id >= 0))
);


ALTER TABLE public.viewflow_process OWNER TO postgres;

--
-- Name: viewflow_process_id_seq; Type: SEQUENCE; Schema: public; Owner: postgres
--

ALTER TABLE public.viewflow_process ALTER COLUMN id ADD GENERATED BY DEFAULT AS IDENTITY (
    SEQUENCE NAME public.viewflow_process_id_seq
    START WITH 1
    INCREMENT BY 1
    NO MINVALUE
    NO MAXVALUE
    CACHE 1
);


--
-- Name: viewflow_task; Type: TABLE; Schema: public; Owner: postgres
--

CREATE TABLE public.viewflow_task (
    id bigint NOT NULL,
    flow_task character varying(255) NOT NULL,
    flow_task_type character varying(50) NOT NULL,
    status character varying(50) NOT NULL,
    created timestamp with time zone NOT NULL,
    started timestamp with time zone,
    finished timestamp with time zone,
    token character varying(150) NOT NULL,
    external_task_id character varying(50),
    owner_permission character varying(255),
    owner_id integer,
    process_id bigint NOT NULL,
    owner_permission_content_type_id integer,
    owner_permission_obj_pk character varying(255),
    assigned timestamp with time zone,
    artifact_content_type_id integer,
    artifact_object_id integer,
    data jsonb NOT NULL,
    CONSTRAINT viewflow_task_artifact_object_id_check CHECK ((artifact_object_id >= 0))
);


ALTER TABLE public.viewflow_task OWNER TO postgres;

--
-- Name: viewflow_task_id_seq; Type: SEQUENCE; Schema: public; Owner: postgres
--

ALTER TABLE public.viewflow_task ALTER COLUMN id ADD GENERATED BY DEFAULT AS IDENTITY (
    SEQUENCE NAME public.viewflow_task_id_seq
    START WITH 1
    INCREMENT BY 1
    NO MINVALUE
    NO MAXVALUE
    CACHE 1
);


--
-- Name: viewflow_task_previous; Type: TABLE; Schema: public; Owner: postgres
--

CREATE TABLE public.viewflow_task_previous (
    id bigint NOT NULL,
    from_task_id bigint NOT NULL,
    to_task_id bigint NOT NULL
);


ALTER TABLE public.viewflow_task_previous OWNER TO postgres;

--
-- Name: viewflow_task_previous_id_seq; Type: SEQUENCE; Schema: public; Owner: postgres
--

ALTER TABLE public.viewflow_task_previous ALTER COLUMN id ADD GENERATED BY DEFAULT AS IDENTITY (
    SEQUENCE NAME public.viewflow_task_previous_id_seq
    START WITH 1
    INCREMENT BY 1
    NO MINVALUE
    NO MAXVALUE
    CACHE 1
);


--
-- Data for Name: auth_group; Type: TABLE DATA; Schema: public; Owner: postgres
--

COPY public.auth_group (id, name) FROM stdin;
\.


--
-- Data for Name: auth_group_permissions; Type: TABLE DATA; Schema: public; Owner: postgres
--

COPY public.auth_group_permissions (id, group_id, permission_id) FROM stdin;
\.


--
-- Data for Name: auth_permission; Type: TABLE DATA; Schema: public; Owner: postgres
--

COPY public.auth_permission (id, name, content_type_id, codename) FROM stdin;
1	Can add log entry	1	add_logentry
2	Can change log entry	1	change_logentry
3	Can delete log entry	1	delete_logentry
4	Can view log entry	1	view_logentry
5	Can add permission	2	add_permission
6	Can change permission	2	change_permission
7	Can delete permission	2	delete_permission
8	Can view permission	2	view_permission
9	Can add group	3	add_group
10	Can change group	3	change_group
11	Can delete group	3	delete_group
12	Can view group	3	view_group
13	Can add user	4	add_user
14	Can change user	4	change_user
15	Can delete user	4	delete_user
16	Can view user	4	view_user
17	Can add content type	5	add_contenttype
18	Can change content type	5	change_contenttype
19	Can delete content type	5	delete_contenttype
20	Can view content type	5	view_contenttype
21	Can add session	6	add_session
22	Can change session	6	change_session
23	Can delete session	6	delete_session
24	Can view session	6	view_session
25	Can add Process	7	add_process
26	Can change Process	7	change_process
27	Can delete Process	7	delete_process
28	Can view Process	7	view_process
29	Can add Task	8	add_task
30	Can change Task	8	change_task
31	Can delete Task	8	delete_task
32	Can view Task	8	view_task
33	Can add Token	9	add_token
34	Can change Token	9	change_token
35	Can delete Token	9	delete_token
36	Can view Token	9	view_token
37	Can add token	10	add_tokenproxy
38	Can change token	10	change_tokenproxy
39	Can delete token	10	delete_tokenproxy
40	Can view token	10	view_tokenproxy
41	Can add tag	11	add_tag
42	Can change tag	11	change_tag
43	Can delete tag	11	delete_tag
44	Can view tag	11	view_tag
45	Can add tagged item	12	add_taggeditem
46	Can change tagged item	12	change_taggeditem
47	Can delete tagged item	12	delete_taggeditem
48	Can view tagged item	12	view_taggeditem
49	Can add post	13	add_post
50	Can change post	13	change_post
51	Can delete post	13	delete_post
52	Can view post	13	view_post
53	Can add profile	14	add_profile
54	Can change profile	14	change_profile
55	Can delete profile	14	delete_profile
56	Can view profile	14	view_profile
\.


--
-- Data for Name: auth_user; Type: TABLE DATA; Schema: public; Owner: postgres
--

COPY public.auth_user (id, password, last_login, is_superuser, username, first_name, last_name, email, is_staff, is_active, date_joined) FROM stdin;
\.


--
-- Data for Name: auth_user_groups; Type: TABLE DATA; Schema: public; Owner: postgres
--

COPY public.auth_user_groups (id, user_id, group_id) FROM stdin;
\.


--
-- Data for Name: auth_user_user_permissions; Type: TABLE DATA; Schema: public; Owner: postgres
--

COPY public.auth_user_user_permissions (id, user_id, permission_id) FROM stdin;
\.


--
-- Data for Name: authtoken_token; Type: TABLE DATA; Schema: public; Owner: postgres
--

COPY public.authtoken_token (key, created, user_id) FROM stdin;
\.


--
-- Data for Name: blog_post_app_post; Type: TABLE DATA; Schema: public; Owner: postgres
--

COPY public.blog_post_app_post (id, title, description, image, created_date, updated_date, profile_related_id) FROM stdin;
\.


--
-- Data for Name: blog_post_app_post_liked_profiles; Type: TABLE DATA; Schema: public; Owner: postgres
--

COPY public.blog_post_app_post_liked_profiles (id, post_id, profile_id) FROM stdin;
\.


--
-- Data for Name: blog_profile_app_profile; Type: TABLE DATA; Schema: public; Owner: postgres
--

COPY public.blog_profile_app_profile (id, firstname, lastname, email, phone, address, user_id) FROM stdin;
\.


--
-- Data for Name: django_admin_log; Type: TABLE DATA; Schema: public; Owner: postgres
--

COPY public.django_admin_log (id, action_time, object_id, object_repr, action_flag, change_message, content_type_id, user_id) FROM stdin;
\.


--
-- Data for Name: django_content_type; Type: TABLE DATA; Schema: public; Owner: postgres
--

COPY public.django_content_type (id, app_label, model) FROM stdin;
1	admin	logentry
2	auth	permission
3	auth	group
4	auth	user
5	contenttypes	contenttype
6	sessions	session
7	viewflow	process
8	viewflow	task
9	authtoken	token
10	authtoken	tokenproxy
11	taggit	tag
12	taggit	taggeditem
13	blog_post_app	post
14	blog_profile_app	profile
\.


--
-- Data for Name: django_migrations; Type: TABLE DATA; Schema: public; Owner: postgres
--

COPY public.django_migrations (id, app, name, applied) FROM stdin;
1	contenttypes	0001_initial	2026-05-20 08:27:33.529833+01
2	auth	0001_initial	2026-05-20 08:27:33.77646+01
3	admin	0001_initial	2026-05-20 08:27:33.835774+01
4	admin	0002_logentry_remove_auto_add	2026-05-20 08:27:33.847768+01
5	admin	0003_logentry_add_action_flag_choices	2026-05-20 08:27:33.860772+01
6	contenttypes	0002_remove_content_type_name	2026-05-20 08:27:33.899766+01
7	auth	0002_alter_permission_name_max_length	2026-05-20 08:27:33.911769+01
8	auth	0003_alter_user_email_max_length	2026-05-20 08:27:33.925771+01
9	auth	0004_alter_user_username_opts	2026-05-20 08:27:33.939768+01
10	auth	0005_alter_user_last_login_null	2026-05-20 08:27:33.948766+01
11	auth	0006_require_contenttypes_0002	2026-05-20 08:27:33.954766+01
12	auth	0007_alter_validators_add_error_messages	2026-05-20 08:27:33.963766+01
13	auth	0008_alter_user_username_max_length	2026-05-20 08:27:33.991769+01
14	auth	0009_alter_user_last_name_max_length	2026-05-20 08:27:34.005768+01
15	auth	0010_alter_group_name_max_length	2026-05-20 08:27:34.014767+01
16	auth	0011_update_proxy_permissions	2026-05-20 08:27:34.026766+01
17	auth	0012_alter_user_first_name_max_length	2026-05-20 08:27:34.046774+01
18	authtoken	0001_initial	2026-05-20 08:27:34.097777+01
19	authtoken	0002_auto_20160226_1747	2026-05-20 08:27:34.131768+01
20	authtoken	0003_tokenproxy	2026-05-20 08:27:34.138768+01
21	blog_profile_app	0001_initial	2026-05-20 08:27:34.193768+01
22	blog_profile_app	0002_remove_profile_is_instructor	2026-05-20 08:27:34.203766+01
23	blog_post_app	0001_initial	2026-05-20 08:27:34.274767+01
24	blog_post_app	0002_rename_blog_post	2026-05-20 08:27:34.374352+01
25	sessions	0001_initial	2026-05-20 08:27:34.415412+01
26	taggit	0001_initial	2026-05-20 08:27:34.466299+01
27	taggit	0002_auto_20150616_2121	2026-05-20 08:27:34.474299+01
28	taggit	0003_taggeditem_add_unique_index	2026-05-20 08:27:34.487594+01
29	taggit	0004_alter_taggeditem_content_type_alter_taggeditem_tag	2026-05-20 08:27:34.513636+01
30	taggit	0005_auto_20220424_2025	2026-05-20 08:27:34.522694+01
31	taggit	0006_rename_taggeditem_content_type_object_id_taggit_tagg_content_8fc721_idx	2026-05-20 08:27:34.541557+01
32	viewflow	0001_initial	2026-05-20 08:27:34.67355+01
33	viewflow	0002_fsmchange	2026-05-20 08:27:34.725558+01
34	viewflow	0003_task_owner_permission_change	2026-05-20 08:27:34.745555+01
35	viewflow	0004_extend_fields_length	2026-05-20 08:27:34.783551+01
36	viewflow	0005_rename_flowcls	2026-05-20 08:27:34.793575+01
37	viewflow	0004_subprocess	2026-05-20 08:27:34.800604+01
38	viewflow	0005_merge	2026-05-20 08:27:34.808626+01
39	viewflow	0006_merge	2026-05-20 08:27:34.816634+01
40	viewflow	0007_owner_permission_obj	2026-05-20 08:27:34.855622+01
41	viewflow	0006_i18n	2026-05-20 08:27:35.07859+01
42	viewflow	0008_merge	2026-05-20 08:27:35.085586+01
43	viewflow	0007_task_assigned	2026-05-20 08:27:35.103588+01
44	viewflow	0008_jsonfield_and_artifact	2026-05-20 08:27:35.244968+01
45	viewflow	0009_merge	2026-05-20 08:27:35.247018+01
46	viewflow	0010_viewflow20	2026-05-20 08:27:35.681776+01
47	viewflow	0011_alter_task_created_and_more	2026-05-20 08:27:35.716717+01
48	viewflow	0012_alter_process_data_alter_task_data	2026-05-20 08:27:35.767597+01
\.


--
-- Data for Name: django_session; Type: TABLE DATA; Schema: public; Owner: postgres
--

COPY public.django_session (session_key, session_data, expire_date) FROM stdin;
\.


--
-- Data for Name: taggit_tag; Type: TABLE DATA; Schema: public; Owner: postgres
--

COPY public.taggit_tag (id, name, slug) FROM stdin;
\.


--
-- Data for Name: taggit_taggeditem; Type: TABLE DATA; Schema: public; Owner: postgres
--

COPY public.taggit_taggeditem (id, object_id, content_type_id, tag_id) FROM stdin;
\.


--
-- Data for Name: viewflow_process; Type: TABLE DATA; Schema: public; Owner: postgres
--

COPY public.viewflow_process (id, flow_class, status, created, finished, artifact_content_type_id, artifact_object_id, data, parent_task_id) FROM stdin;
\.


--
-- Data for Name: viewflow_task; Type: TABLE DATA; Schema: public; Owner: postgres
--

COPY public.viewflow_task (id, flow_task, flow_task_type, status, created, started, finished, token, external_task_id, owner_permission, owner_id, process_id, owner_permission_content_type_id, owner_permission_obj_pk, assigned, artifact_content_type_id, artifact_object_id, data) FROM stdin;
\.


--
-- Data for Name: viewflow_task_previous; Type: TABLE DATA; Schema: public; Owner: postgres
--

COPY public.viewflow_task_previous (id, from_task_id, to_task_id) FROM stdin;
\.


--
-- Name: auth_group_id_seq; Type: SEQUENCE SET; Schema: public; Owner: postgres
--

SELECT pg_catalog.setval('public.auth_group_id_seq', 1, false);


--
-- Name: auth_group_permissions_id_seq; Type: SEQUENCE SET; Schema: public; Owner: postgres
--

SELECT pg_catalog.setval('public.auth_group_permissions_id_seq', 1, false);


--
-- Name: auth_permission_id_seq; Type: SEQUENCE SET; Schema: public; Owner: postgres
--

SELECT pg_catalog.setval('public.auth_permission_id_seq', 56, true);


--
-- Name: auth_user_groups_id_seq; Type: SEQUENCE SET; Schema: public; Owner: postgres
--

SELECT pg_catalog.setval('public.auth_user_groups_id_seq', 1, false);


--
-- Name: auth_user_id_seq; Type: SEQUENCE SET; Schema: public; Owner: postgres
--

SELECT pg_catalog.setval('public.auth_user_id_seq', 1, false);


--
-- Name: auth_user_user_permissions_id_seq; Type: SEQUENCE SET; Schema: public; Owner: postgres
--

SELECT pg_catalog.setval('public.auth_user_user_permissions_id_seq', 1, false);


--
-- Name: blog_post_app_blog_id_seq; Type: SEQUENCE SET; Schema: public; Owner: postgres
--

SELECT pg_catalog.setval('public.blog_post_app_blog_id_seq', 1, false);


--
-- Name: blog_post_app_blog_liked_profiles_id_seq; Type: SEQUENCE SET; Schema: public; Owner: postgres
--

SELECT pg_catalog.setval('public.blog_post_app_blog_liked_profiles_id_seq', 1, false);


--
-- Name: blog_profile_app_profile_id_seq; Type: SEQUENCE SET; Schema: public; Owner: postgres
--

SELECT pg_catalog.setval('public.blog_profile_app_profile_id_seq', 1, false);


--
-- Name: django_admin_log_id_seq; Type: SEQUENCE SET; Schema: public; Owner: postgres
--

SELECT pg_catalog.setval('public.django_admin_log_id_seq', 1, false);


--
-- Name: django_content_type_id_seq; Type: SEQUENCE SET; Schema: public; Owner: postgres
--

SELECT pg_catalog.setval('public.django_content_type_id_seq', 14, true);


--
-- Name: django_migrations_id_seq; Type: SEQUENCE SET; Schema: public; Owner: postgres
--

SELECT pg_catalog.setval('public.django_migrations_id_seq', 48, true);


--
-- Name: taggit_tag_id_seq; Type: SEQUENCE SET; Schema: public; Owner: postgres
--

SELECT pg_catalog.setval('public.taggit_tag_id_seq', 1, false);


--
-- Name: taggit_taggeditem_id_seq; Type: SEQUENCE SET; Schema: public; Owner: postgres
--

SELECT pg_catalog.setval('public.taggit_taggeditem_id_seq', 1, false);


--
-- Name: viewflow_process_id_seq; Type: SEQUENCE SET; Schema: public; Owner: postgres
--

SELECT pg_catalog.setval('public.viewflow_process_id_seq', 1, false);


--
-- Name: viewflow_task_id_seq; Type: SEQUENCE SET; Schema: public; Owner: postgres
--

SELECT pg_catalog.setval('public.viewflow_task_id_seq', 1, false);


--
-- Name: viewflow_task_previous_id_seq; Type: SEQUENCE SET; Schema: public; Owner: postgres
--

SELECT pg_catalog.setval('public.viewflow_task_previous_id_seq', 1, false);


--
-- Name: auth_group auth_group_name_key; Type: CONSTRAINT; Schema: public; Owner: postgres
--

ALTER TABLE ONLY public.auth_group
    ADD CONSTRAINT auth_group_name_key UNIQUE (name);


--
-- Name: auth_group_permissions auth_group_permissions_group_id_permission_id_0cd325b0_uniq; Type: CONSTRAINT; Schema: public; Owner: postgres
--

ALTER TABLE ONLY public.auth_group_permissions
    ADD CONSTRAINT auth_group_permissions_group_id_permission_id_0cd325b0_uniq UNIQUE (group_id, permission_id);


--
-- Name: auth_group_permissions auth_group_permissions_pkey; Type: CONSTRAINT; Schema: public; Owner: postgres
--

ALTER TABLE ONLY public.auth_group_permissions
    ADD CONSTRAINT auth_group_permissions_pkey PRIMARY KEY (id);


--
-- Name: auth_group auth_group_pkey; Type: CONSTRAINT; Schema: public; Owner: postgres
--

ALTER TABLE ONLY public.auth_group
    ADD CONSTRAINT auth_group_pkey PRIMARY KEY (id);


--
-- Name: auth_permission auth_permission_content_type_id_codename_01ab375a_uniq; Type: CONSTRAINT; Schema: public; Owner: postgres
--

ALTER TABLE ONLY public.auth_permission
    ADD CONSTRAINT auth_permission_content_type_id_codename_01ab375a_uniq UNIQUE (content_type_id, codename);


--
-- Name: auth_permission auth_permission_pkey; Type: CONSTRAINT; Schema: public; Owner: postgres
--

ALTER TABLE ONLY public.auth_permission
    ADD CONSTRAINT auth_permission_pkey PRIMARY KEY (id);


--
-- Name: auth_user_groups auth_user_groups_pkey; Type: CONSTRAINT; Schema: public; Owner: postgres
--

ALTER TABLE ONLY public.auth_user_groups
    ADD CONSTRAINT auth_user_groups_pkey PRIMARY KEY (id);


--
-- Name: auth_user_groups auth_user_groups_user_id_group_id_94350c0c_uniq; Type: CONSTRAINT; Schema: public; Owner: postgres
--

ALTER TABLE ONLY public.auth_user_groups
    ADD CONSTRAINT auth_user_groups_user_id_group_id_94350c0c_uniq UNIQUE (user_id, group_id);


--
-- Name: auth_user auth_user_pkey; Type: CONSTRAINT; Schema: public; Owner: postgres
--

ALTER TABLE ONLY public.auth_user
    ADD CONSTRAINT auth_user_pkey PRIMARY KEY (id);


--
-- Name: auth_user_user_permissions auth_user_user_permissions_pkey; Type: CONSTRAINT; Schema: public; Owner: postgres
--

ALTER TABLE ONLY public.auth_user_user_permissions
    ADD CONSTRAINT auth_user_user_permissions_pkey PRIMARY KEY (id);


--
-- Name: auth_user_user_permissions auth_user_user_permissions_user_id_permission_id_14a6b632_uniq; Type: CONSTRAINT; Schema: public; Owner: postgres
--

ALTER TABLE ONLY public.auth_user_user_permissions
    ADD CONSTRAINT auth_user_user_permissions_user_id_permission_id_14a6b632_uniq UNIQUE (user_id, permission_id);


--
-- Name: auth_user auth_user_username_key; Type: CONSTRAINT; Schema: public; Owner: postgres
--

ALTER TABLE ONLY public.auth_user
    ADD CONSTRAINT auth_user_username_key UNIQUE (username);


--
-- Name: authtoken_token authtoken_token_pkey; Type: CONSTRAINT; Schema: public; Owner: postgres
--

ALTER TABLE ONLY public.authtoken_token
    ADD CONSTRAINT authtoken_token_pkey PRIMARY KEY (key);


--
-- Name: authtoken_token authtoken_token_user_id_key; Type: CONSTRAINT; Schema: public; Owner: postgres
--

ALTER TABLE ONLY public.authtoken_token
    ADD CONSTRAINT authtoken_token_user_id_key UNIQUE (user_id);


--
-- Name: blog_post_app_post_liked_profiles blog_post_app_blog_liked_blog_id_profile_id_cba793eb_uniq; Type: CONSTRAINT; Schema: public; Owner: postgres
--

ALTER TABLE ONLY public.blog_post_app_post_liked_profiles
    ADD CONSTRAINT blog_post_app_blog_liked_blog_id_profile_id_cba793eb_uniq UNIQUE (post_id, profile_id);


--
-- Name: blog_post_app_post_liked_profiles blog_post_app_blog_liked_profiles_pkey; Type: CONSTRAINT; Schema: public; Owner: postgres
--

ALTER TABLE ONLY public.blog_post_app_post_liked_profiles
    ADD CONSTRAINT blog_post_app_blog_liked_profiles_pkey PRIMARY KEY (id);


--
-- Name: blog_post_app_post blog_post_app_blog_pkey; Type: CONSTRAINT; Schema: public; Owner: postgres
--

ALTER TABLE ONLY public.blog_post_app_post
    ADD CONSTRAINT blog_post_app_blog_pkey PRIMARY KEY (id);


--
-- Name: blog_profile_app_profile blog_profile_app_profile_pkey; Type: CONSTRAINT; Schema: public; Owner: postgres
--

ALTER TABLE ONLY public.blog_profile_app_profile
    ADD CONSTRAINT blog_profile_app_profile_pkey PRIMARY KEY (id);


--
-- Name: blog_profile_app_profile blog_profile_app_profile_user_id_key; Type: CONSTRAINT; Schema: public; Owner: postgres
--

ALTER TABLE ONLY public.blog_profile_app_profile
    ADD CONSTRAINT blog_profile_app_profile_user_id_key UNIQUE (user_id);


--
-- Name: django_admin_log django_admin_log_pkey; Type: CONSTRAINT; Schema: public; Owner: postgres
--

ALTER TABLE ONLY public.django_admin_log
    ADD CONSTRAINT django_admin_log_pkey PRIMARY KEY (id);


--
-- Name: django_content_type django_content_type_app_label_model_76bd3d3b_uniq; Type: CONSTRAINT; Schema: public; Owner: postgres
--

ALTER TABLE ONLY public.django_content_type
    ADD CONSTRAINT django_content_type_app_label_model_76bd3d3b_uniq UNIQUE (app_label, model);


--
-- Name: django_content_type django_content_type_pkey; Type: CONSTRAINT; Schema: public; Owner: postgres
--

ALTER TABLE ONLY public.django_content_type
    ADD CONSTRAINT django_content_type_pkey PRIMARY KEY (id);


--
-- Name: django_migrations django_migrations_pkey; Type: CONSTRAINT; Schema: public; Owner: postgres
--

ALTER TABLE ONLY public.django_migrations
    ADD CONSTRAINT django_migrations_pkey PRIMARY KEY (id);


--
-- Name: django_session django_session_pkey; Type: CONSTRAINT; Schema: public; Owner: postgres
--

ALTER TABLE ONLY public.django_session
    ADD CONSTRAINT django_session_pkey PRIMARY KEY (session_key);


--
-- Name: taggit_tag taggit_tag_name_key; Type: CONSTRAINT; Schema: public; Owner: postgres
--

ALTER TABLE ONLY public.taggit_tag
    ADD CONSTRAINT taggit_tag_name_key UNIQUE (name);


--
-- Name: taggit_tag taggit_tag_pkey; Type: CONSTRAINT; Schema: public; Owner: postgres
--

ALTER TABLE ONLY public.taggit_tag
    ADD CONSTRAINT taggit_tag_pkey PRIMARY KEY (id);


--
-- Name: taggit_tag taggit_tag_slug_key; Type: CONSTRAINT; Schema: public; Owner: postgres
--

ALTER TABLE ONLY public.taggit_tag
    ADD CONSTRAINT taggit_tag_slug_key UNIQUE (slug);


--
-- Name: taggit_taggeditem taggit_taggeditem_content_type_id_object_id_tag_id_4bb97a8e_uni; Type: CONSTRAINT; Schema: public; Owner: postgres
--

ALTER TABLE ONLY public.taggit_taggeditem
    ADD CONSTRAINT taggit_taggeditem_content_type_id_object_id_tag_id_4bb97a8e_uni UNIQUE (content_type_id, object_id, tag_id);


--
-- Name: taggit_taggeditem taggit_taggeditem_pkey; Type: CONSTRAINT; Schema: public; Owner: postgres
--

ALTER TABLE ONLY public.taggit_taggeditem
    ADD CONSTRAINT taggit_taggeditem_pkey PRIMARY KEY (id);


--
-- Name: viewflow_process viewflow_process_pkey; Type: CONSTRAINT; Schema: public; Owner: postgres
--

ALTER TABLE ONLY public.viewflow_process
    ADD CONSTRAINT viewflow_process_pkey PRIMARY KEY (id);


--
-- Name: viewflow_task viewflow_task_pkey; Type: CONSTRAINT; Schema: public; Owner: postgres
--

ALTER TABLE ONLY public.viewflow_task
    ADD CONSTRAINT viewflow_task_pkey PRIMARY KEY (id);


--
-- Name: viewflow_task_previous viewflow_task_previous_from_task_id_to_task_id_a979d787_uniq; Type: CONSTRAINT; Schema: public; Owner: postgres
--

ALTER TABLE ONLY public.viewflow_task_previous
    ADD CONSTRAINT viewflow_task_previous_from_task_id_to_task_id_a979d787_uniq UNIQUE (from_task_id, to_task_id);


--
-- Name: viewflow_task_previous viewflow_task_previous_pkey; Type: CONSTRAINT; Schema: public; Owner: postgres
--

ALTER TABLE ONLY public.viewflow_task_previous
    ADD CONSTRAINT viewflow_task_previous_pkey PRIMARY KEY (id);


--
-- Name: auth_group_name_a6ea08ec_like; Type: INDEX; Schema: public; Owner: postgres
--

CREATE INDEX auth_group_name_a6ea08ec_like ON public.auth_group USING btree (name varchar_pattern_ops);


--
-- Name: auth_group_permissions_group_id_b120cbf9; Type: INDEX; Schema: public; Owner: postgres
--

CREATE INDEX auth_group_permissions_group_id_b120cbf9 ON public.auth_group_permissions USING btree (group_id);


--
-- Name: auth_group_permissions_permission_id_84c5c92e; Type: INDEX; Schema: public; Owner: postgres
--

CREATE INDEX auth_group_permissions_permission_id_84c5c92e ON public.auth_group_permissions USING btree (permission_id);


--
-- Name: auth_permission_content_type_id_2f476e4b; Type: INDEX; Schema: public; Owner: postgres
--

CREATE INDEX auth_permission_content_type_id_2f476e4b ON public.auth_permission USING btree (content_type_id);


--
-- Name: auth_user_groups_group_id_97559544; Type: INDEX; Schema: public; Owner: postgres
--

CREATE INDEX auth_user_groups_group_id_97559544 ON public.auth_user_groups USING btree (group_id);


--
-- Name: auth_user_groups_user_id_6a12ed8b; Type: INDEX; Schema: public; Owner: postgres
--

CREATE INDEX auth_user_groups_user_id_6a12ed8b ON public.auth_user_groups USING btree (user_id);


--
-- Name: auth_user_user_permissions_permission_id_1fbb5f2c; Type: INDEX; Schema: public; Owner: postgres
--

CREATE INDEX auth_user_user_permissions_permission_id_1fbb5f2c ON public.auth_user_user_permissions USING btree (permission_id);


--
-- Name: auth_user_user_permissions_user_id_a95ead1b; Type: INDEX; Schema: public; Owner: postgres
--

CREATE INDEX auth_user_user_permissions_user_id_a95ead1b ON public.auth_user_user_permissions USING btree (user_id);


--
-- Name: auth_user_username_6821ab7c_like; Type: INDEX; Schema: public; Owner: postgres
--

CREATE INDEX auth_user_username_6821ab7c_like ON public.auth_user USING btree (username varchar_pattern_ops);


--
-- Name: authtoken_token_key_10f0b77e_like; Type: INDEX; Schema: public; Owner: postgres
--

CREATE INDEX authtoken_token_key_10f0b77e_like ON public.authtoken_token USING btree (key varchar_pattern_ops);


--
-- Name: blog_post_app_blog_liked_profiles_blog_id_954b18e8; Type: INDEX; Schema: public; Owner: postgres
--

CREATE INDEX blog_post_app_blog_liked_profiles_blog_id_954b18e8 ON public.blog_post_app_post_liked_profiles USING btree (post_id);


--
-- Name: blog_post_app_blog_liked_profiles_profile_id_40fa9ba7; Type: INDEX; Schema: public; Owner: postgres
--

CREATE INDEX blog_post_app_blog_liked_profiles_profile_id_40fa9ba7 ON public.blog_post_app_post_liked_profiles USING btree (profile_id);


--
-- Name: blog_post_app_blog_profile_related_id_2e9cf029; Type: INDEX; Schema: public; Owner: postgres
--

CREATE INDEX blog_post_app_blog_profile_related_id_2e9cf029 ON public.blog_post_app_post USING btree (profile_related_id);


--
-- Name: django_admin_log_content_type_id_c4bce8eb; Type: INDEX; Schema: public; Owner: postgres
--

CREATE INDEX django_admin_log_content_type_id_c4bce8eb ON public.django_admin_log USING btree (content_type_id);


--
-- Name: django_admin_log_user_id_c564eba6; Type: INDEX; Schema: public; Owner: postgres
--

CREATE INDEX django_admin_log_user_id_c564eba6 ON public.django_admin_log USING btree (user_id);


--
-- Name: django_session_expire_date_a5c62663; Type: INDEX; Schema: public; Owner: postgres
--

CREATE INDEX django_session_expire_date_a5c62663 ON public.django_session USING btree (expire_date);


--
-- Name: django_session_session_key_c0390e0f_like; Type: INDEX; Schema: public; Owner: postgres
--

CREATE INDEX django_session_session_key_c0390e0f_like ON public.django_session USING btree (session_key varchar_pattern_ops);


--
-- Name: taggit_tag_name_58eb2ed9_like; Type: INDEX; Schema: public; Owner: postgres
--

CREATE INDEX taggit_tag_name_58eb2ed9_like ON public.taggit_tag USING btree (name varchar_pattern_ops);


--
-- Name: taggit_tag_slug_6be58b2c_like; Type: INDEX; Schema: public; Owner: postgres
--

CREATE INDEX taggit_tag_slug_6be58b2c_like ON public.taggit_tag USING btree (slug varchar_pattern_ops);


--
-- Name: taggit_tagg_content_8fc721_idx; Type: INDEX; Schema: public; Owner: postgres
--

CREATE INDEX taggit_tagg_content_8fc721_idx ON public.taggit_taggeditem USING btree (content_type_id, object_id);


--
-- Name: taggit_taggeditem_content_type_id_9957a03c; Type: INDEX; Schema: public; Owner: postgres
--

CREATE INDEX taggit_taggeditem_content_type_id_9957a03c ON public.taggit_taggeditem USING btree (content_type_id);


--
-- Name: taggit_taggeditem_object_id_e2d7d1df; Type: INDEX; Schema: public; Owner: postgres
--

CREATE INDEX taggit_taggeditem_object_id_e2d7d1df ON public.taggit_taggeditem USING btree (object_id);


--
-- Name: taggit_taggeditem_tag_id_f4f5b767; Type: INDEX; Schema: public; Owner: postgres
--

CREATE INDEX taggit_taggeditem_tag_id_f4f5b767 ON public.taggit_taggeditem USING btree (tag_id);


--
-- Name: viewflow_pr_artifac_64c8a3_idx; Type: INDEX; Schema: public; Owner: postgres
--

CREATE INDEX viewflow_pr_artifac_64c8a3_idx ON public.viewflow_process USING btree (artifact_content_type_id, artifact_object_id);


--
-- Name: viewflow_process_artifact_content_type_id_8e40f778; Type: INDEX; Schema: public; Owner: postgres
--

CREATE INDEX viewflow_process_artifact_content_type_id_8e40f778 ON public.viewflow_process USING btree (artifact_content_type_id);


--
-- Name: viewflow_process_parent_task_id_d3453359; Type: INDEX; Schema: public; Owner: postgres
--

CREATE INDEX viewflow_process_parent_task_id_d3453359 ON public.viewflow_process USING btree (parent_task_id);


--
-- Name: viewflow_task_artifact_content_type_id_50385e8d; Type: INDEX; Schema: public; Owner: postgres
--

CREATE INDEX viewflow_task_artifact_content_type_id_50385e8d ON public.viewflow_task USING btree (artifact_content_type_id);


--
-- Name: viewflow_task_created_7518aa4b; Type: INDEX; Schema: public; Owner: postgres
--

CREATE INDEX viewflow_task_created_7518aa4b ON public.viewflow_task USING btree (created);


--
-- Name: viewflow_task_external_task_id_2f93bc2f; Type: INDEX; Schema: public; Owner: postgres
--

CREATE INDEX viewflow_task_external_task_id_2f93bc2f ON public.viewflow_task USING btree (external_task_id);


--
-- Name: viewflow_task_external_task_id_2f93bc2f_like; Type: INDEX; Schema: public; Owner: postgres
--

CREATE INDEX viewflow_task_external_task_id_2f93bc2f_like ON public.viewflow_task USING btree (external_task_id varchar_pattern_ops);


--
-- Name: viewflow_task_owner_id_01b087bd; Type: INDEX; Schema: public; Owner: postgres
--

CREATE INDEX viewflow_task_owner_id_01b087bd ON public.viewflow_task USING btree (owner_id);


--
-- Name: viewflow_task_owner_permission_content_type_id_5fc72a99; Type: INDEX; Schema: public; Owner: postgres
--

CREATE INDEX viewflow_task_owner_permission_content_type_id_5fc72a99 ON public.viewflow_task USING btree (owner_permission_content_type_id);


--
-- Name: viewflow_task_previous_from_task_id_da5536f6; Type: INDEX; Schema: public; Owner: postgres
--

CREATE INDEX viewflow_task_previous_from_task_id_da5536f6 ON public.viewflow_task_previous USING btree (from_task_id);


--
-- Name: viewflow_task_previous_to_task_id_7d3a2081; Type: INDEX; Schema: public; Owner: postgres
--

CREATE INDEX viewflow_task_previous_to_task_id_7d3a2081 ON public.viewflow_task_previous USING btree (to_task_id);


--
-- Name: viewflow_task_process_id_619bc849; Type: INDEX; Schema: public; Owner: postgres
--

CREATE INDEX viewflow_task_process_id_619bc849 ON public.viewflow_task USING btree (process_id);


--
-- Name: viewflow_task_status_ffb4516b; Type: INDEX; Schema: public; Owner: postgres
--

CREATE INDEX viewflow_task_status_ffb4516b ON public.viewflow_task USING btree (status);


--
-- Name: viewflow_task_status_ffb4516b_like; Type: INDEX; Schema: public; Owner: postgres
--

CREATE INDEX viewflow_task_status_ffb4516b_like ON public.viewflow_task USING btree (status varchar_pattern_ops);


--
-- Name: auth_group_permissions auth_group_permissio_permission_id_84c5c92e_fk_auth_perm; Type: FK CONSTRAINT; Schema: public; Owner: postgres
--

ALTER TABLE ONLY public.auth_group_permissions
    ADD CONSTRAINT auth_group_permissio_permission_id_84c5c92e_fk_auth_perm FOREIGN KEY (permission_id) REFERENCES public.auth_permission(id) DEFERRABLE INITIALLY DEFERRED;


--
-- Name: auth_group_permissions auth_group_permissions_group_id_b120cbf9_fk_auth_group_id; Type: FK CONSTRAINT; Schema: public; Owner: postgres
--

ALTER TABLE ONLY public.auth_group_permissions
    ADD CONSTRAINT auth_group_permissions_group_id_b120cbf9_fk_auth_group_id FOREIGN KEY (group_id) REFERENCES public.auth_group(id) DEFERRABLE INITIALLY DEFERRED;


--
-- Name: auth_permission auth_permission_content_type_id_2f476e4b_fk_django_co; Type: FK CONSTRAINT; Schema: public; Owner: postgres
--

ALTER TABLE ONLY public.auth_permission
    ADD CONSTRAINT auth_permission_content_type_id_2f476e4b_fk_django_co FOREIGN KEY (content_type_id) REFERENCES public.django_content_type(id) DEFERRABLE INITIALLY DEFERRED;


--
-- Name: auth_user_groups auth_user_groups_group_id_97559544_fk_auth_group_id; Type: FK CONSTRAINT; Schema: public; Owner: postgres
--

ALTER TABLE ONLY public.auth_user_groups
    ADD CONSTRAINT auth_user_groups_group_id_97559544_fk_auth_group_id FOREIGN KEY (group_id) REFERENCES public.auth_group(id) DEFERRABLE INITIALLY DEFERRED;


--
-- Name: auth_user_groups auth_user_groups_user_id_6a12ed8b_fk_auth_user_id; Type: FK CONSTRAINT; Schema: public; Owner: postgres
--

ALTER TABLE ONLY public.auth_user_groups
    ADD CONSTRAINT auth_user_groups_user_id_6a12ed8b_fk_auth_user_id FOREIGN KEY (user_id) REFERENCES public.auth_user(id) DEFERRABLE INITIALLY DEFERRED;


--
-- Name: auth_user_user_permissions auth_user_user_permi_permission_id_1fbb5f2c_fk_auth_perm; Type: FK CONSTRAINT; Schema: public; Owner: postgres
--

ALTER TABLE ONLY public.auth_user_user_permissions
    ADD CONSTRAINT auth_user_user_permi_permission_id_1fbb5f2c_fk_auth_perm FOREIGN KEY (permission_id) REFERENCES public.auth_permission(id) DEFERRABLE INITIALLY DEFERRED;


--
-- Name: auth_user_user_permissions auth_user_user_permissions_user_id_a95ead1b_fk_auth_user_id; Type: FK CONSTRAINT; Schema: public; Owner: postgres
--

ALTER TABLE ONLY public.auth_user_user_permissions
    ADD CONSTRAINT auth_user_user_permissions_user_id_a95ead1b_fk_auth_user_id FOREIGN KEY (user_id) REFERENCES public.auth_user(id) DEFERRABLE INITIALLY DEFERRED;


--
-- Name: authtoken_token authtoken_token_user_id_35299eff_fk_auth_user_id; Type: FK CONSTRAINT; Schema: public; Owner: postgres
--

ALTER TABLE ONLY public.authtoken_token
    ADD CONSTRAINT authtoken_token_user_id_35299eff_fk_auth_user_id FOREIGN KEY (user_id) REFERENCES public.auth_user(id) DEFERRABLE INITIALLY DEFERRED;


--
-- Name: blog_post_app_post_liked_profiles blog_post_app_blog_l_profile_id_40fa9ba7_fk_blog_prof; Type: FK CONSTRAINT; Schema: public; Owner: postgres
--

ALTER TABLE ONLY public.blog_post_app_post_liked_profiles
    ADD CONSTRAINT blog_post_app_blog_l_profile_id_40fa9ba7_fk_blog_prof FOREIGN KEY (profile_id) REFERENCES public.blog_profile_app_profile(id) DEFERRABLE INITIALLY DEFERRED;


--
-- Name: blog_post_app_post blog_post_app_blog_profile_related_id_2e9cf029_fk_blog_prof; Type: FK CONSTRAINT; Schema: public; Owner: postgres
--

ALTER TABLE ONLY public.blog_post_app_post
    ADD CONSTRAINT blog_post_app_blog_profile_related_id_2e9cf029_fk_blog_prof FOREIGN KEY (profile_related_id) REFERENCES public.blog_profile_app_profile(id) DEFERRABLE INITIALLY DEFERRED;


--
-- Name: blog_post_app_post_liked_profiles blog_post_app_post_l_post_id_f674fe9f_fk_blog_post; Type: FK CONSTRAINT; Schema: public; Owner: postgres
--

ALTER TABLE ONLY public.blog_post_app_post_liked_profiles
    ADD CONSTRAINT blog_post_app_post_l_post_id_f674fe9f_fk_blog_post FOREIGN KEY (post_id) REFERENCES public.blog_post_app_post(id) DEFERRABLE INITIALLY DEFERRED;


--
-- Name: blog_profile_app_profile blog_profile_app_profile_user_id_f79dc7fa_fk_auth_user_id; Type: FK CONSTRAINT; Schema: public; Owner: postgres
--

ALTER TABLE ONLY public.blog_profile_app_profile
    ADD CONSTRAINT blog_profile_app_profile_user_id_f79dc7fa_fk_auth_user_id FOREIGN KEY (user_id) REFERENCES public.auth_user(id) DEFERRABLE INITIALLY DEFERRED;


--
-- Name: django_admin_log django_admin_log_content_type_id_c4bce8eb_fk_django_co; Type: FK CONSTRAINT; Schema: public; Owner: postgres
--

ALTER TABLE ONLY public.django_admin_log
    ADD CONSTRAINT django_admin_log_content_type_id_c4bce8eb_fk_django_co FOREIGN KEY (content_type_id) REFERENCES public.django_content_type(id) DEFERRABLE INITIALLY DEFERRED;


--
-- Name: django_admin_log django_admin_log_user_id_c564eba6_fk_auth_user_id; Type: FK CONSTRAINT; Schema: public; Owner: postgres
--

ALTER TABLE ONLY public.django_admin_log
    ADD CONSTRAINT django_admin_log_user_id_c564eba6_fk_auth_user_id FOREIGN KEY (user_id) REFERENCES public.auth_user(id) DEFERRABLE INITIALLY DEFERRED;


--
-- Name: taggit_taggeditem taggit_taggeditem_content_type_id_9957a03c_fk_django_co; Type: FK CONSTRAINT; Schema: public; Owner: postgres
--

ALTER TABLE ONLY public.taggit_taggeditem
    ADD CONSTRAINT taggit_taggeditem_content_type_id_9957a03c_fk_django_co FOREIGN KEY (content_type_id) REFERENCES public.django_content_type(id) DEFERRABLE INITIALLY DEFERRED;


--
-- Name: taggit_taggeditem taggit_taggeditem_tag_id_f4f5b767_fk_taggit_tag_id; Type: FK CONSTRAINT; Schema: public; Owner: postgres
--

ALTER TABLE ONLY public.taggit_taggeditem
    ADD CONSTRAINT taggit_taggeditem_tag_id_f4f5b767_fk_taggit_tag_id FOREIGN KEY (tag_id) REFERENCES public.taggit_tag(id) DEFERRABLE INITIALLY DEFERRED;


--
-- Name: viewflow_process viewflow_process_artifact_content_typ_8e40f778_fk_django_co; Type: FK CONSTRAINT; Schema: public; Owner: postgres
--

ALTER TABLE ONLY public.viewflow_process
    ADD CONSTRAINT viewflow_process_artifact_content_typ_8e40f778_fk_django_co FOREIGN KEY (artifact_content_type_id) REFERENCES public.django_content_type(id) DEFERRABLE INITIALLY DEFERRED;


--
-- Name: viewflow_process viewflow_process_parent_task_id_d3453359_fk; Type: FK CONSTRAINT; Schema: public; Owner: postgres
--

ALTER TABLE ONLY public.viewflow_process
    ADD CONSTRAINT viewflow_process_parent_task_id_d3453359_fk FOREIGN KEY (parent_task_id) REFERENCES public.viewflow_task(id) DEFERRABLE INITIALLY DEFERRED;


--
-- Name: viewflow_task viewflow_task_artifact_content_typ_50385e8d_fk_django_co; Type: FK CONSTRAINT; Schema: public; Owner: postgres
--

ALTER TABLE ONLY public.viewflow_task
    ADD CONSTRAINT viewflow_task_artifact_content_typ_50385e8d_fk_django_co FOREIGN KEY (artifact_content_type_id) REFERENCES public.django_content_type(id) DEFERRABLE INITIALLY DEFERRED;


--
-- Name: viewflow_task viewflow_task_owner_id_01b087bd_fk_auth_user_id; Type: FK CONSTRAINT; Schema: public; Owner: postgres
--

ALTER TABLE ONLY public.viewflow_task
    ADD CONSTRAINT viewflow_task_owner_id_01b087bd_fk_auth_user_id FOREIGN KEY (owner_id) REFERENCES public.auth_user(id) DEFERRABLE INITIALLY DEFERRED;


--
-- Name: viewflow_task viewflow_task_owner_permission_con_5fc72a99_fk_django_co; Type: FK CONSTRAINT; Schema: public; Owner: postgres
--

ALTER TABLE ONLY public.viewflow_task
    ADD CONSTRAINT viewflow_task_owner_permission_con_5fc72a99_fk_django_co FOREIGN KEY (owner_permission_content_type_id) REFERENCES public.django_content_type(id) DEFERRABLE INITIALLY DEFERRED;


--
-- Name: viewflow_task_previous viewflow_task_previous_from_task_id_da5536f6_fk; Type: FK CONSTRAINT; Schema: public; Owner: postgres
--

ALTER TABLE ONLY public.viewflow_task_previous
    ADD CONSTRAINT viewflow_task_previous_from_task_id_da5536f6_fk FOREIGN KEY (from_task_id) REFERENCES public.viewflow_task(id) DEFERRABLE INITIALLY DEFERRED;


--
-- Name: viewflow_task_previous viewflow_task_previous_to_task_id_7d3a2081_fk; Type: FK CONSTRAINT; Schema: public; Owner: postgres
--

ALTER TABLE ONLY public.viewflow_task_previous
    ADD CONSTRAINT viewflow_task_previous_to_task_id_7d3a2081_fk FOREIGN KEY (to_task_id) REFERENCES public.viewflow_task(id) DEFERRABLE INITIALLY DEFERRED;


--
-- Name: viewflow_task viewflow_task_process_id_619bc849_fk; Type: FK CONSTRAINT; Schema: public; Owner: postgres
--

ALTER TABLE ONLY public.viewflow_task
    ADD CONSTRAINT viewflow_task_process_id_619bc849_fk FOREIGN KEY (process_id) REFERENCES public.viewflow_process(id) DEFERRABLE INITIALLY DEFERRED;


--
-- PostgreSQL database dump complete
--

